name,type,lat,lng
ชุมชนเย็นอากาศ 2,ชุมชนแออัด,13.711385039733992,100.55128263735591
ชุมชนเชื้อเพลิงพัฒนา,ชุมชนแออัด,13.711025872111906,100.55305947728581
ชุมชนคลองขวาง,ชุมชนแออัด,13.707034904580672,100.54911838730418
ชุมชนริมคลองบางซื่อ ลาดพร้าว 34,ชุมชนแออัด,13.797320490901631,100.57728157100456
ชุมชนร่วมใจพิบูลย์ 2,ชุมชนแออัด,13.797639899728829,100.58786442727956
ชุมชนซอยพัทลุง,ชุมชนแออัด,13.795313511005961,100.58383010374179
ชุมชนเพชรบุรี 40,ชุมชนแออัด,13.745035037389934,100.58095742855997
ชุมชนเพชรพระราม,ชุมชนแออัด,13.743708389737378,100.59868778645536
ชุมชนโรงปูนฝั่งเหนือ,ชุมชนแออัด,13.745245792873364,100.59245665238288
ชุมชนโรงปูนฝั่งใต้,ชุมชนแออัด,13.744420297944167,100.59221181563646
ชุมชนหน้าวัดบุญรอดธรรมราม,ชุมชนแออัด,13.694147555221846,100.5935473553865
ชุมชนสุภาพงษ์,ชุมชนแออัด,13.689740133574801,100.63560386691462
ชุมชนเล็กเที่ยง,ชุมชนแออัด,13.700481331513837,100.59885909735439
ชุมชนเกตุไพเราะ 3-5,ชุมชนแออัด,13.694981173244347,100.62950107646495
ชุมชนสุนทรธรรม,ชุมชนแออัด,13.69628188762502,100.62877912643721
ชุมชนหมู่บ้านศรัณจิต 4,ชุมชนหมู่บ้านจัดสรร,13.692438534572581,100.63308001816927
ชุมชนท่าวัง,ชุมชนแออัด,13.753056276181544,100.48926786401256
ชุมชนตรอกเขียนนิวาสน์-ตรอกไก่แจ้,ชุมชนเมือง,13.763372557599737,100.49603234103682
ชุมชนวัดสังเวชวิศยาราม,ชุมชนเมือง,13.765144232472723,100.49664959998057
ชุมชนหลังวัดราชนัดดา,ชุมชนเมือง,13.754414433164225,100.50455884023954
ชุมชนวัดโสมนัส,ชุมชนแออัด,13.7619078466374,100.50981832748138
ชุมชนจักรพรรดิพงษ์,ชุมชนแออัด,13.757170411195622,100.5093534046957
ชุมชนหลังศูนย์การค้าวรจักร,ชุมชนแออัด,13.754289211272255,100.51112992828034
ชุมชนบ้านบาตร,ชุมชนแออัด,13.750942909449405,100.50684793088894
ชุมชนภิรมย์,ชุมชนเมือง,13.740520922914587,100.50102855335471
ชุมชนจงสวัสดิ์,ชุมชนเมือง,13.733630229011341,100.5149638900586
ชุมชนโปลิศสภา,ชุมชนเมือง,13.736415579998475,100.51531697347151
ชุมชนโชฎึก,ชุมชนเมือง,13.734418720850606,100.5153367061713
ชุมชนซอยวัดม่วงแคและมัสยิดฮารูณ,ชุมชนเมือง,13.72535410408145,100.51542508319035
ชุมชนซอยพิพัฒน์ 2,ชุมชนแออัด,13.725547317305148,100.53227359937354
ชุมชนตรอกขุนนาวา,ชุมชนเมือง,13.733813713141775,100.52480230152527
ชุมชนซอยจอมสมบูรณ์,ชุมชนเมือง,13.73411520121471,100.52428586279916
ชุมชนซอยสองพระ,ชุมชนเมือง,13.73296989560266,100.52348383635085
ชุมชนสมบูรณ์ปัญญา,ชุมชนเมือง,13.73137410779194,100.52628330921857
ชุมชนหลังวัดแก้วแจ่มฟ้า(สี่พระยา),ชุมชนเมือง,13.731964735631118,100.51885634408542
ชุมชนบ้านครัวใต้,ชุมชนแออัด,13.749859660501208,100.52370683776483
ชุมชนซอยพระเจน,ชุมชนแออัด,13.731048327961807,100.5466759452215
ชุมชนวัดชัยมงคล,ชุมชนแออัด,13.748258469542915,100.52270749286714
ชุมชนอุทัยรัตน์,ชุมชนแออัด,13.796143141904235,100.54454296342799
ชุมชนอินทามระ 1 (ลับแล),ชุมชนแออัด,13.795429413451583,100.55130269851335
ชุมชนพระยาประสิทธิ์,ชุมชนเมือง,13.78239943767047,100.51411411670566
ชุมชนองค์การทอผ้า,ชุมชนเมือง,13.797925477338941,100.51853643907462
ชุมชนสวนอ้อย,ชุมชนเมือง,13.779552716532802,100.50988188140404
ชุมชนศรีย่าน ซอย 3,ชุมชนเมือง,13.785192392770156,100.51370980803082
ชุมชนนครไชยศรี,ชุมชนเมือง,13.781809273499427,100.51525351544004
ชุมชนแฟลตสถานีตำรวจนครบาลปทุมวัน,เคหะชุมชน,13.736688140987562,100.52270339900997
ชุมชนราชวัลลภ 3,เคหะชุมชน,13.783394646108036,100.55517117936618
ชุมชนโรงสี,ชุมชนแออัด,13.69909241579117,100.5476337138134
ชุมชนริมคลองบางกอกใหญ่,ชุมชนแออัด,13.742579679013033,100.46221609255436
ชุมชนวัดเครือวัลย์,ชุมชนแออัด,13.746778256203777,100.48557411094312
ชุมชนลานมะขาม-บ้านหม้อ,ชุมชนแออัด,13.744393290125672,100.48495685757582
ชุมชนปรกอรุณ,ชุมชนแออัด,13.743548891350331,100.48707606312963
ชุมชนข้างโรงเรียนพณิชยการราชดำเนิน-ธนบุรี,ชุมชนแออัด,13.741869983693686,100.48423240695847
ชุมชนวัดหงส์รัตนาราม,ชุมชนแออัด,13.740500992801367,100.48734060491961
ชุมชนวัดโมลีโลกยาราม,ชุมชนแออัด,13.740661905239946,100.48932452234538
ชุมชนซอยสมบุญพัฒนา,ชุมชนแออัด,13.742976699315562,100.47283593967585
ชุมชนวัดดีดวด,ชุมชนแออัด,13.741372612411356,100.47484467068705
ชุมชนตรอกตาแทน,ชุมชนแออัด,13.738730269884138,100.48247768640674
ชุมชนวัดใหม่วิเชียร,ชุมชนแออัด,13.73638626840787,100.48086902578544
ชุมชนหลังวัดใหม่วิเชียร,ชุมชนแออัด,13.73549126351512,100.47994276986482
ชุมชนวัดราชสิทธาราม,ชุมชนแออัด,13.73581745274235,100.48320316806786
ชุมชนตรอกกระจก,ชุมชนแออัด,13.734831241454353,100.48617153992862
ชุมชนวัดสังข์กระจาย,ชุมชนแออัด,13.733349074834596,100.48499364816306
ชุมชนเกษจำเริญ,ชุมชนแออัด,13.7273568578329,100.47975016099286
ชุมชนรวมพล,ชุมชนหมู่บ้านจัดสรร,13.724949762369064,100.47697270414652
ชุมชนศาลเจ้าพ่อเขาตก,ชุมชนแออัด,13.723490642016136,100.4721126972953
ชุมชนวัดประดู่ฉิมพลี,ชุมชนแออัด,13.724689079943321,100.46857878604362
ชุมชนหลังโรงกรองน้ำภาษีเจริญ,ชุมชนแออัด,13.733125137171852,100.4761743280023
ชุมชนวัดท่าพระ,ชุมชนแออัด,13.734208067166213,100.47458718917335
ชุมชนโค้งกระเทียม,ชุมชนแออัด,13.73755596083196,100.47630839736199
ชุมชนหลังโรงเคลือบ,ชุมชนแออัด,13.733957853422716,100.47012404853689
ชุมชนข้างโรงเรียนเสสะเวช,ชุมชนแออัด,13.736044733303176,100.46843678428424
ชุมชนหลังโรงเรียนเสสะเวช,ชุมชนแออัด,13.736493801511877,100.46854591956478
ชุมชนปลายซอยศักดิ์เจริญ,ชุมชนแออัด,13.733445640262541,100.46352731647936
ชุมชนวัดใหม่พิเรนทร์,ชุมชนแออัด,13.741542536630394,100.48118517635376
ชุมชนพัฒนาอยู่สุข,ชุมชนแออัด,13.739927953236325,100.48449841108675
ชุมชนสวนหลวง,ชุมชนแออัด,13.767793953241892,100.48387846925884
ชุมชนวัดบางขุนนนท์,ชุมชนแออัด,13.767346455778073,100.46861630163937
ชุมชนสันติชนสงเคราะห์,ชุมชนแออัด,13.7635515927938,100.47965547646946
ชุมชนวัดสุวรรณาราม,ชุมชนแออัด,13.761905853112372,100.47786491721673
ชุมชนวัดไชยทิศ,ชุมชนแออัด,13.768083048253178,100.46332286219034
ชุมชนซอยวัดมะลิ 2 (เจือ  เชื่อมจิตต์),ชุมชนแออัด,13.761400271349935,100.46527307787107
ชุมชนวัดรวกสุทธาราม,ชุมชนแออัด,13.757914881860838,100.46614148314174
ชุมชนหลังตลาดนครหลวง,ชุมชนแออัด,13.75426326298593,100.46722094943026
ชุมชนปลายซอยจรัญสนิทวงศ์ 29 (ฝั่งซ้าย),ชุมชนแออัด,13.751837482540688,100.46756591502583
ชุมชนปลายซอยจรัญสนิทวงศ์ 29 (ฝั่งขวา),ชุมชนแออัด,13.75051072777426,100.46759984185418
ชุมชนชอยประชาร่วมใจ,ชุมชนแออัด,13.746915919264561,100.46596726299518
ชุมชนตรอกไผ่-วัดบางเสาธง,ชุมชนแออัด,13.744294625675956,100.46802753701944
ชุมชนวัดดงมูลเหล็ก,ชุมชนแออัด,13.75224451038793,100.47566406910481
ชุมชนวัดพระยาทำ,ชุมชนแออัด,13.748145143172316,100.48224965237593
ชุมชนซอยบ้านช่างหล่อ,ชุมชนแออัด,13.754777937639727,100.48148626815627
ชุมชนตรอกวังหลัง,ชุมชนแออัด,13.755254944634883,100.48483747309838
ชุมชนวัดระฆัง,ชุมชนแออัด,13.753102644850374,100.48461236845957
ชุมชนเคหะชุมชนสถานีตำรวจบางกอกน้อย,เคหะชุมชน,13.759194537076612,100.4704092177433
ชุมชนวัดอมรทายิการาม,ชุมชนแออัด,13.75950241405374,100.47448016977658
ชุมชนซอยสุดสาคร,ชุมชนแออัด,13.756479201660895,100.47420692807471
ชุมชนวัดยางสุทธาราม,ชุมชนแออัด,13.7544098732115,100.47389747438845
ชุมชนวัดดุสิตาราม,ชุมชนแออัด,13.763186100692245,100.48537531773027
ชุมชนวัดโพธิ์เรียง,ชุมชนแออัด,13.74460042794343,100.47226755659442
ชุมชนวัดอัมพวา,ชุมชนแออัด,13.748997719441661,100.47612112866246
ชุมชนวัดครุฑ,ชุมชนแออัด,13.745264638403045,100.47683636762964
ชุมชนวัดวิเศษการ-วัดฉิมทายกาวาส,ชุมชนเมือง,13.757939032007403,100.48269865712469
ชุมชนบุปผาสวรรค์,ชุมชนเมือง,13.749417496653875,100.46653327180405
ชุมชนพรพิพัฒน์,ชุมชนเมือง,13.75727733400045,100.47163973700364
ชุมชนซอยจรัญสนิทวงศ์ 41,ชุมชนเมือง,13.769877050639098,100.47335596816357
ชุมชนมัสยิดหลวงอันซอริซซุนนะห์,ชุมชนแออัด,13.76196746278526,100.48546830735309
ชุมชนวัดใหม่ยายแป้น,ชุมชนแออัด,13.765168711079175,100.47365528280915
ชุมชนชวนชื่น,ชุมชนแออัด,13.769896906416706,100.46786165812718
ชุมชนหมู่บ้านปัทมอร,ชุมชนหมู่บ้านจัดสรร,13.759041857338268,100.46118800751697
ชุมชนจรัญ 31 รวมใจ,ชุมชนเมือง,13.753827743492652,100.46513562142201
ชุมชนหัวถนน(วัดแก้ว),ชุมชนแออัด,13.756343176342645,100.45991861090141
ชุมชนหมู่บ้านพัฒนาหมู่7 แขวงฉิมพลี,ชุมชนชานเมือง,13.794115913445841,100.41268672058291
ชุมชนสะพานผัก-คลองศาลเจ้า,ชุมชนชานเมือง,13.79625699206788,100.44326020788418
ชุมชนริมทางรถไฟชัยพฤกษ์,ชุมชนชานเมือง,13.787165595268032,100.45855357406394
ชุมชนริมคลองชักพระ,ชุมชนแออัด,13.780710884354152,100.46604828689854
ชุมชนหลังวัดกาญจนสิงหาสน์,ชุมชนแออัด,13.760460208369821,100.45420214037163
ชุมชนหลังวัดรัชฎาธิษฐาน,ชุมชนชานเมือง,13.755666878257866,100.45766065660344
ชุมชนวัดกระจัง,ชุมชนชานเมือง,13.774450064269066,100.44075403931363
ชุมชนหมู่บ้านพัฒนาหมู่ 13 แขวงบางระมาด,ชุมชนชานเมือง,13.7707366002504,100.44603348353823
ชุมชนวัดจำปา,ชุมชนชานเมือง,13.77380457821349,100.43461082594695
"ชุมชนหมู่บ้านพัฒนาวัดกาญจนสิงหาสน์ (18,19)",ชุมชนชานเมือง,13.758046294048384,100.44735078321074
ชุมชนหมู่บ้านพัฒนาหมู่ 6 แขวงบางระมาด,ชุมชนชานเมือง,13.775049537739998,100.4315484799405
"ชุมชนหมู่ 1,3 บางพรม",ชุมชนชานเมือง,13.744626686628601,100.45661561302398
ชุมชนวัดเกาะ,ชุมชนชานเมือง,13.742875251836322,100.45297757405686
ชุมชนศาลเจ้าพ่อจุ้ย,ชุมชนชานเมือง,13.782044481973575,100.45553560316321
ชุมชนโรงเรียนวัดตลิ่งชัน,ชุมชนแออัด,13.780296131085287,100.45692710690433
ชุมชนบ้านลุ่ม,ชุมชนแออัด,13.78180997354099,100.45869143553992
ชุมชนวัดเพลงกลางสวน,ชุมชนชานเมือง,13.752914637592427,100.44062081344156
ชุมชนวัดสมรโกฏิ-บางระจัน,ชุมชนชานเมือง,13.773812635933984,100.44478967861131
ชุมชนวัดดาวคะนอง,ชุมชนแออัด,13.696250397155724,100.48771952793246
ชุมชนมะนาวหวาน,ชุมชนแออัด,13.698207259288813,100.48605900692607
ชุมชนตรอกสะพานยาว,ชุมชนแออัด,13.69940376069118,100.48136581908241
ชุมชนโกวบ๊อพัฒนา,ชุมชนแออัด,13.704843755216544,100.48355123694627
ชุมชนวัดบางน้ำชน,ชุมชนแออัด,13.703434387824533,100.4913103793077
ชุมชนเกื้อวิทยา,ชุมชนแออัด,13.708034466836294,100.4905425342824
ชุมชนสุทธาราม,ชุมชนแออัด,13.713614312129085,100.4921911432053
ชุมชนสนามแดง,ชุมชนแออัด,13.713010441715006,100.48250685774522
ชุมชนสองร้อยห้อง,ชุมชนแออัด,13.715931942016134,100.48240557028905
ชุมชนวัดบางสะแกใน,ชุมชนแออัด,13.711031475578368,100.47464585462214
ชุมชนสามัคคีธรรม,ชุมชนแออัด,13.719123991701112,100.4729632857202
ชุมชนวัดกันตทาราราม,ชุมชนแออัด,13.720106165750549,100.47802941440867
ชุมชนโรงเจ 1,ชุมชนแออัด,13.720563213348628,100.47982489009088
ชุมชนหลังศูนย์จันฉิมไพบูลย์,ชุมชนแออัด,13.720942519970395,100.48158058718715
ชุมชนโรงเจ 2,ชุมชนแออัด,13.718799996908439,100.48160701934722
ชุมชนสายสัมพันธ์,ชุมชนแออัด,13.716642104631857,100.48738961099244
ชุมชนวัดกัลยาณ์,ชุมชนแออัด,13.739394140244302,100.49025681285104
ชุมชนกุฎีขาว,ชุมชนแออัด,13.738046640328616,100.48886184197156
ชุมชนวัดบุปผาราม,ชุมชนแออัด,13.735782434323124,100.49145167728233
ชุมชนวัดประยูรวงศ์,ชุมชนแออัด,13.737408442096946,100.49592645284886
ชุมชนกุฎีจีน,ชุมชนแออัด,13.739042630735739,100.49363722926556
ชุมชนโรงคราม,ชุมชนแออัด,13.736430659903272,100.48814136829093
ชุมชนศรีภูมิ,ชุมชนแออัด,13.72867231847197,100.48629976074655
ชุมชนวัดใหญ่ศรีสุพรรณ,ชุมชนแออัด,13.729553729429867,100.48816560495814
ชุมชนสามัคคีศรีสุพรรณ,ชุมชนแออัด,13.730440633503044,100.48911839612653
ชุมชนมัสยิดบ้านสมเด็จ,ชุมชนแออัด,13.730687468433048,100.49202858578326
ชุมชนบางไส้ไก่บ้านสมเด็จ,ชุมชนแออัด,13.7319231915425,100.49004085930261
ชุมชนวัดประดิษฐาราม,ชุมชนแออัด,13.734318355444662,100.48765472374095
ชุมชนสี่แยกบ้านแขก,ชุมชนแออัด,13.730578020125618,100.49368476556093
ชุมชนประสานมิตร,ชุมชนแออัด,13.728853950931539,100.48897315290988
ชุมชนข้างสถานีรถไฟวงเวียนใหญ่,ชุมชนแออัด,13.724750588691528,100.48681655614507
ชุมชนวัดอินทาราม,ชุมชนแออัด,13.723034594842469,100.4835585587422
ชุมชนตรอกเทวดา,ชุมชนแออัด,13.72511179784436,100.49006546775036
ชุมชนสวนพลู,ชุมชนแออัด,13.721984559968705,100.4877457229298
ชุมชนตากสินสัมพันธ์,ชุมชนแออัด,13.72059021592875,100.48868409599491
ชุมชนพัฒนาบ้านล่าง,ชุมชนแออัด,13.7235174064232,100.48575990894658
ชุมชนหลังไปรษณีย์สำเหร่,ชุมชนแออัด,13.715953812972277,100.49172801730838
ชุมชนแซ่ซิ้มสวนบน,ชุมชนแออัด,13.717496997134837,100.48652875126669
ชุมชนปากคลองบางสะแก,ชุมชนแออัด,13.72164042599911,100.47257561229516
ชุมชนหลังวัดพิชัยญาติ,ชุมชนแออัด,13.732392774044452,100.49553749279298
ชุมชนซอยสารภี 1,ชุมชนแออัด,13.731747726209608,100.49663259532255
ชุมชนซอยช่างนาค-สะพานยาว,ชุมชนแออัด,13.73371099469924,100.49970223513908
ชุมชนสวนสมเด็จย่า,ชุมชนเมือง,13.737011860615398,100.49797152975817
ชุมชนซอยท่าดินแดง 14 และซอยท่าดินแดง 16,ชุมชนเมือง,13.735492599948122,100.50476285970728
ชุมชนซอยแยกถนนเชียงใหม่,ชุมชนแออัด,13.734770153181795,100.50760970071126
ชุมชนวัดทองธรรมชาติ,ชุมชนแออัด,13.7328699683602,100.50533040112062
ชุมชนหลังโรงเรียนกุลสิริเทคโนโลยี,ชุมชนแออัด,13.731000308546793,100.50360092459356
ชุมชนวัดทองนพคุณ,ชุมชนแออัด,13.732352499383195,100.50773121524082
ชุมชนซอยร่วมมิตร,ชุมชนแออัด,13.725756035877804,100.49899923201676
ชุมชนมัสยิดสุวรรณภูมิ,ชุมชนแออัด,13.725318351740993,100.51019375949018
ชุมชนข้างโรงเรียนมิตรพลพณิชยการ,ชุมชนแออัด,13.727722752726491,100.50687754650143
ชุมชนหน้าตลาดศิรินทร์,ชุมชนแออัด,13.725802022571198,100.50796444242398
ชุมชนคลองต้นไทร,ชุมชนแออัด,13.719375639318736,100.50452314740528
ชุมชนซอยเจริญนคร 20,ชุมชนเมือง,13.717283094609803,100.50636422068393
ชุมชนวัดเศวตฉัตร,ชุมชนแออัด,13.713519614569604,100.50668405262871
ชุมชนปากคลองต้นไทร,ชุมชนแออัด,13.718639378135588,100.50963615105816
ชุมชนหลังตลาดเจริญนคร,ชุมชนแออัด,13.708742169739429,100.49963900467229
ชุมชนคลองพระยาเกษม,ชุมชนแออัด,13.714200593944236,100.50173143905984
ชุมชนซอยเกษมใหม่,ชุมชนแออัด,13.712331997966551,100.49795592735794
ชุมชนวัดสังฆราชา,ชุมชนชานเมือง,13.725364803563211,100.73767971510338
ชุมชนร่วมใจพัฒนา,ชุมชนชานเมือง,13.725874556669055,100.7564428464369
ชุมชนศีลาภิรัตอุปถัมภ์,ชุมชนชานเมือง,13.730728417758993,100.74738718883815
ชุมชนบึงบัว,ชุมชนชานเมือง,13.766122049361696,100.777806478563
ชุมชนมาเรียลัย,ชุมชนชานเมือง,13.723061435484276,100.79591652966462
ชุมชนหลวงพรต-ท่านเลี่ยม,ชุมชนชานเมือง,13.725638720105835,100.78428187903685
ชุมชนคลองตะโหนด,ชุมชนชานเมือง,13.810249432122884,100.75880071114328
ชุมชนสามัคคีคลองสองต้นนุ่น,ชุมชนชานเมือง,13.8064571475501,100.73059019461498
ชุมชนหมู่บ้านปรีชา  11,ชุมชนหมู่บ้านจัดสรร,13.813497223481296,100.71299211672678
ชุมชนนูรุ้ลพัฒนา,ชุมชนชานเมือง,13.774017268201083,100.73983488127257
ชุมชนบางชันพัฒนา,ชุมชนชานเมือง,13.805541745431427,100.70263794635422
ชุมชนโครงการร่วมกันสร้าง,ชุมชนเมือง,13.789056715586508,100.62998891143528
ชุมชนวัดกลาง,ชุมชนเมือง,13.766403044931034,100.63479831021786
ชุมชนแผ่นดินทองวัดแสนเกษม,ชุมชนชานเมือง,13.92035812760948,100.89281390077315
ชุมชนแผ่นดินทองวัดลำพะอง,ชุมชนชานเมือง,13.768546327013,100.83696034344969
ชุมชนแผ่นดินทองนูรุสลาม,ชุมชนชานเมือง,13.851713156689739,100.81876280355473
ชุมชนแผ่นดินทองซอลีฮุ้ลมุสลีมีน,ชุมชนชานเมือง,13.81887911852225,100.84868252107148
ชุมชนหมู่บ้านอยู่สบาย,ชุมชนหมู่บ้านจัดสรร,13.743328905429756,100.65193464878406
ชุมชนหมู่บ้านตวงทอง,ชุมชนหมู่บ้านจัดสรร,13.69386996735487,100.43581149786658
ชุมชนหลังวัดคูหาสวรรค์,ชุมชนแออัด,13.733445949259409,100.4617588666409
ชุมชนเทพประทาน,ชุมชนแออัด,13.727704476815093,100.42936582476322
ชุมชนวัดจันทร์ประดิษฐาราม เขต 5,ชุมชนแออัด,13.71956955417901,100.44128714489206
ชุมชนแสงศิริ,ชุมชนชานเมือง,13.726918935880413,100.33866987924874
ชุมชนสงวนคำ,ชุมชนชานเมือง,13.702986506636114,100.33952822613394
ชุมชนสะพาน 1,ชุมชนชานเมือง,13.67083279926529,100.34610309255892
ชุมชนสายสัมพันธ์,ชุมชนแออัด,13.658103638330465,100.44275421372484
ชุมชนซอยนายเจียก,ชุมชนเมือง,13.663450587059916,100.44334196062086
ชุมชนหลวงพ่อขาว,ชุมชนหมู่บ้านจัดสรร,13.622018653520403,100.45967503147678
ชุมชนทรัพย์สินพัฒนา,ชุมชนแออัด,13.609978193704709,100.3781926301962
ชุมชนวัดนาคสี่บาท,ชุมชนแออัด,13.674955584904724,100.44822901291546
ชุมชนศาลาร่วมใจพัฒนา,ชุมชนแออัด,13.685414844906383,100.49382060147951
ชุมชนรุ่งเรือง,ชุมชนแออัด,13.668111224339462,100.51315992989302
ชุมชนหมู่ 7 ราษฎร์บูรณะ,ชุมชนแออัด,13.666710021674044,100.51502520859141
ชุมชนรวมน้ำใจ,ชุมชนแออัด,13.671780020602492,100.50090759409571
ชุมชนสุขสวัสดิ์ 36,ชุมชนแออัด,13.676620128463334,100.49744673900672
ชุมชนสุขสวัสดิ์ 26,ชุมชนแออัด,13.67478516332392,100.4854220403305
ชุมชนรัตนจีนะ,ชุมชนแออัด,13.670621442687207,100.49330208714105
ชุมชนอนามัย,ชุมชนแออัด,13.672120785372732,100.49444107017466
ชุมชนวัดสน,ชุมชนแออัด,13.674815435863223,100.51365859194803
ชุมชนมิ่งประชา,ชุมชนแออัด,13.681752865377307,100.50462471452674
ชุมชนสุขสวัสดิ์ 9,ชุมชนแออัด,13.685897999994905,100.48845470992327
ชุมชนบูรณะสุดเขต,ชุมชนแออัด,13.67434154155924,100.51373298583796
ชุมชนบุญมาก,ชุมชนแออัด,13.674556397586008,100.51721599404495
ชุมชนราษฎร์บูรณะ 39,ชุมชนหมู่บ้านจัดสรร,13.67516529834326,100.51779072952463
ชุมชนรุ่งอรุณ,ชุมชนแออัด,13.692356033209464,100.48424257064985
ชุมชนหมู่บ้านเจริญสุขใจ,ชุมชนหมู่บ้านจัดสรร,13.705361414118666,100.51797456264433
ชุมชนมิตรสามัคคี,ชุมชนแออัด,13.708529154123529,100.51659361531155
ชุมชนแสงจันทร์ใน,ชุมชนแออัด,13.70991196071354,100.52086012153984
ชุมชนจันทร์ร่ำรวย,ชุมชนเมือง,13.70828613065746,100.52194121788669
ชุมชนท้ายซอยจันทน์ 31,ชุมชนหมู่บ้านจัดสรร,13.70587834914063,100.52504607048479
ชุมชนเซ่งกี่,ชุมชนแออัด,13.702066995813782,100.49881657765586
ชุมชนบางคอแหลม,ชุมชนแออัด,13.69900818142439,100.5021844448347
ชุมชนสวนหลวง 1,ชุมชนแออัด,13.699509201716962,100.50396850782991
ชุมชนวัดพระยาไกร ระยะ 3,ชุมชนแออัด,13.701866161297804,100.50936085531603
ชุมชนโรงแก้ว,ชุมชนแออัด,13.696638850268448,100.52671763670726
ชุมชนร่วมใจพัฒนา,ชุมชนแออัด,13.702663040790078,100.51245969036572
ชุมชนเมืองอยู่ดี,ชุมชนเมือง,13.70165678074217,100.52305883097193
ชุมชนอยู่เจริญ (วิภาวดี),ชุมชนหมู่บ้านจัดสรร,13.944049850723179,100.61304983900791
ชุมชนแก้วงาม,ชุมชนหมู่บ้านจัดสรร,13.925128563484556,100.58437137752485
ชุมชนศรีกาญจน์,ชุมชนหมู่บ้านจัดสรร,13.930078778730351,100.57404973454884
ชุมชนปิ่นเจริญ 4,ชุมชนหมู่บ้านจัดสรร,13.94934050544379,100.57111626706053
ชุมชนประชาร่วมใจ 2,ชุมชนแออัด,13.837383603639223,100.55274071807138
ชุมชนหนองจุฬา,ชุมชนแออัด,13.823293156983217,100.54406847888242
ชุมชนร่วมสุขพัฒนา,ชุมชนแออัด,13.826904961041496,100.55664059156986
ชุมชนเคหะสถานเจริญชัย,ชุมชนแออัด,13.825505734559831,100.54741027861847
ชุมชนซอยภักดี,ชุมชนแออัด,13.82431403612101,100.54726680472356
ชุมชนพรรณี 1,ชุมชนแออัด,13.825217603131915,100.55106966060556
ชุมชนหมู่บ้านเลิศอุบล 4,ชุมชนหมู่บ้านจัดสรร,13.81149441101697,100.6178248793299
ชุมชนหมู่บ้านสมิทธิโชติ,ชุมชนหมู่บ้านจัดสรร,13.828888949647663,100.59240624652568
ชุมชนหมู่บ้านธันยกานต์มัยลาภ,ชุมชนหมู่บ้านจัดสรร,13.842439021308202,100.62228864426089
ชุมชนหมู่บ้านเนียมกล่ำสามัคคี,ชุมชนชานเมือง,13.842877243111555,100.62265476501973
ชุมชนหมู่บ้านเสริมมิตร,ชุมชนหมู่บ้านจัดสรร,13.805211752412726,100.6540524824893
ชุมชนเพชรคลองจั่น,ชุมชนแออัด,13.774542665940004,100.65646980321462
ชุมชนวัดวิมุตยาราม,ชุมชนแออัด,13.810399959216731,100.51392529371589
ชุมชนวัดฉัตรแก้วจงกลณี,ชุมชนแออัด,13.80181979999531,100.51458906148336
ชุมชนสงวนทรัพย์,ชุมชนแออัด,13.80239125739737,100.50874829575154
ชุมชนพัฒนาซอย 85,ชุมชนแออัด,13.79774034897454,100.50124533051437
ชุมชนคลองมะนาว,ชุมชนแออัด,13.7943267269002,100.50192241183282
ชุมชนคลองสวนพริก,ชุมชนเมือง,13.793923422893466,100.49547760667296
ชุมชนวัดบางพลัด,ชุมชนแออัด,13.792561614492156,100.49978474993327
ชุมชนวัดรวกบางบำหรุ,ชุมชนแออัด,13.783535379278266,100.48138701193342
ชุมชนโค้งถ่าน,ชุมชนแออัด,13.767253174997032,100.48971635727321
ชุมชนจรัญวิถี 74,ชุมชนแออัด,13.790828529469639,100.50732541871426
ชุมชนจรัญสนิทวงศ์ 72,ชุมชนแออัด,13.789435297871263,100.5053025423322
ชุมชนสะพานยาว,ชุมชนแออัด,13.787966464957604,100.50399887748777
ชุมชนวัดเทพากร,ชุมชนแออัด,13.786012529590364,100.50182852706864
ชุมชนวัดภคินีนาถ,ชุมชนแออัด,13.7806798532631,100.50006844490406
ชุมชนวัดบวรมงคล,ชุมชนแออัด,13.776270236944583,100.49701956549927
ชุมชนบ้านปูน,ชุมชนแออัด,13.772208035086157,100.4946203870275
ชุมชนวัดพระยาศิริไอยสวรรค์,ชุมชนแออัด,13.769418429855845,100.49322322961177
ชุมชนวัดดาวดึงษาราม,ชุมชนแออัด,13.767863586274348,100.4923634293827
ชุมชนคลองเจ้าครุฑ,ชุมชนแออัด,13.764355910926056,100.49111872631043
ชุมชนศรีอุลัย,ชุมชนแออัด,13.768591494843808,100.49120567838158
ชุมชนมัสยิดบางอ้อ จรัญสนิทวงศ์ 86,ชุมชนแออัด,13.796742150261593,100.51217118558854
ชุมชนวัดเทพนารี,ชุมชนแออัด,13.784187893837585,100.50124171477442
ชุมชนเจ้าพระยาสยาม,ชุมชนแออัด,13.78399239459395,100.49865084252787
ชุมชนดวงดี,ชุมชนแออัด,13.794410800334324,100.49634376536271
ชุมชนวัดภาณุรังษี,ชุมชนแออัด,13.78836023748943,100.49724050769997
ชุมชนแสงทอง,ชุมชนแออัด,13.800617330553221,100.50451115456359
ชุมชนคลองบางพระครู,ชุมชนแออัด,13.795765991246261,100.50074120934327
ชุมชนมะพร้าวคู่,ชุมชนแออัด,13.781898686213715,100.4848188793319
ชุมชนโค้งมะขาม,ชุมชนแออัด,13.783169803774976,100.48566301319069
ชุมชนบ้านญวน,ชุมชนแออัด,13.784807673113713,100.48236615351638
ชุมชนวัดเพลง,ชุมชนแออัด,13.795542736564125,100.4875626588308
ชุมชนแก้วกลม,ชุมชนเมือง,13.693644265962153,100.44004044811867
ชุมชนวัดสิงห์,ชุมชนเมือง,13.683449852252433,100.44719813594558
ชุมชนวาสนา,ชุมชนเมือง,13.687703313093946,100.45235745541981
ชุมชนรวมมิตร,ชุมชนเมือง,13.686740015970843,100.45245555214306
ชุมชนคุ้งข้าวหลาม,ชุมชนเมือง,13.687017586373893,100.45271611577904
ชุมชนบุญอยู่,ชุมชนเมือง,13.687319099087336,100.45313283695
ชุมชนบางระแนะใหญ่,ชุมชนเมือง,13.687495430809378,100.45331535325612
ชุมชนอุดมสิน 2,ชุมชนเมือง,13.693137203814318,100.46292113517332
ชุมชนคุณยายวัน,ชุมชนเมือง,13.69446823604514,100.46292936444519
ชุมชนโรงพักเก่าบางขุนเทียน,ชุมชนเมือง,13.69855771825136,100.4619405444385
ชุมชนวิสุทธิจิตร,ชุมชนเมือง,13.701249450672158,100.4596117020941
ชุมชนซอยร่วมสุข,ชุมชนหมู่บ้านจัดสรร,13.69891098051604,100.45722176248564
ชุมชนหมู่บ้านพัฒนา หมู่ 11,ชุมชนชานเมือง,13.700357357520994,100.45779060632614
ชุมชนซอยสวนหลวง,ชุมชนเมือง,13.705888093682585,100.4635934651395
ชุมชนนางนอง 2 สันติสุข,ชุมชนเมือง,13.70794457880336,100.46798119294942
ชุมชนจันกลิ่นพัฒนา,ชุมชนหมู่บ้านจัดสรร,13.706951820688495,100.47530805098113
ชุมชนศิลปเดช,ชุมชนแออัด,13.699862031963434,100.47387930909566
ชุมชนริมคลองบางค้อ,ชุมชนเมือง,13.696854386729028,100.47667750362928
ชุมชนซอยเทียนทรัพย์,ชุมชนเมือง,13.695848127848212,100.47431598598142
ชุมชนโรงน้ำมันเก่า,ชุมชนเมือง,13.695390785167898,100.47540581139333
ชุมชนภาณุมาภรณ์,ชุมชนเมือง,13.69376645402554,100.47702226020465
ชุมชนผาสุข,ชุมชนเมือง,13.689756200318039,100.476657476058
ชุมชนชาวสวนสัมพันธ์,ชุมชนชานเมือง,13.689930835127916,100.47522616018271
ชุมชนซอยปลั่งอนุสรณ์,ชุมชนเมือง,13.683398870090924,100.47195613197721
ชุมชนป้าแดงพัฒนา,ชุมชนแออัด,13.678202155367337,100.47652880332627
ชุมชนทองเจือ,ชุมชนเมือง,13.676029381165025,100.47745820174391
ชุมชนวัดนางนอง,ชุมชนเมือง,13.703874832799505,100.46621254189195
ชุมชนรวมใจ,ชุมชนเมือง,13.681518813123143,100.44989333599483
ชุมชนบ้านสวน,ชุมชนชานเมือง,13.689011911031004,100.4586816157635
ชุมชนมัสยิดนูรุ้ลยากีน,ชุมชนเมือง,13.683388048700472,100.477758333066
ชุมชนโพธิ์แก้ว,ชุมชนเมือง,13.682871473360448,100.48685310231396
ชุมชนซอยสุดเขต,ชุมชนเมือง,13.686363251574008,100.48322907943474
ชุมชนบางมดพัฒนา หมู่ 7,ชุมชนเมือง,13.673642916095487,100.46814458285056
ชุมชนบ้านบางมด,ชุมชนหมู่บ้านจัดสรร,13.675376675387527,100.46214927278815
ชุมชนสามง่ามพัฒนา,ชุมชนชานเมือง,13.684718037195177,100.46901406326971
ชุมชนเรือนไทยพัฒนา,ชุมชนชานเมือง,13.690737585497613,100.45940817192582
ชุมชนร่วมพัฒนาเอกชัย 31,ชุมชนเมือง,13.688461673870966,100.45348538544668
ชุมชนวัดสีสุก,ชุมชนเมือง,13.679042780022415,100.46492681116607
ชุมชนทิพย์สุวรรณ,ชุมชนเมือง,13.684919745842793,100.47177144383822
ชุมชนตลาดน้ำวัดไทร,ชุมชนเมือง,13.689471447566019,100.45760508274464
ชุมชนสุขสันต์พัฒนาเอกชัย 26,ชุมชนเมือง,13.692275080292085,100.45328681813098
ชุมชนซอยชัยวัฒน์ 10,ชุมชนเมือง,13.701004247236119,100.4709017018754
ชุมชนวุฒากาศ 46 (อพยพ 2),ชุมชนเมือง,13.700822237238386,100.46744437933542
ชุมชนวัดบางขุนเทียนนอก,ชุมชนเมือง,13.69729141475589,100.46547313884822
ชุมชนหลังตลาดวัดไทร,ชุมชนเมือง,13.68972130147971,100.45629319072482
ชุมชนบ้านขิง,ชุมชนชานเมือง,13.689859603202887,100.38283360163426
ชุมชนมีสุวรรณพัฒนา,ชุมชนแออัด,13.683215262651409,100.39251949285374
ชุมชนคลองยายเทียบฝั่งเหนือ,ชุมชนแออัด,13.714024072318464,100.41935666080307
ชุมชนนิมมานรดี,ชุมชนแออัด,13.70965133455883,100.42540445293979
ชุมชนยิ้มประยูร,ชุมชนแออัด,13.69483428993894,100.42517414804578
ชุมชนเพิ่มทรัพย์,ชุมชนแออัด,13.69026224965345,100.42245739956415
ชุมชนหลังโรงเรียนสากลศึกษา,ชุมชนแออัด,13.707167766556543,100.42303350040832
ชุมชนครูเจือ,ชุมชนแออัด,13.704284744102738,100.42233080084101
ชุมชนสองคุณจ่า,ชุมชนแออัด,13.703561677115108,100.41778445684137
ชุมชนคลองยายเทียบฝั่งใต้,ชุมชนแออัด,13.71037002980159,100.41852163643148
ชุมชนเลียบคลองทวีวัฒนา,ชุมชนแออัด,13.714674261768405,100.37143924221178
ชุมชนวัดพรหมสุวรรณสามัคคี,ชุมชนชานเมือง,13.728590972886833,100.36821833604657
ชุมชนหมู่บ้านเศรษฐกิจ ผัง ข,ชุมชนแออัด,13.71987481898647,100.38272946075332
ชุมชนเลียบคลองบางแค,ชุมชนแออัด,13.70282050941061,100.39170219060753
ชุมชนเทพพิทักษ์,ชุมชนหมู่บ้านจัดสรร,13.707513316041558,100.3789950915575
ชุมชนปู่เย็นย่าคำยังอยู่,ชุมชนแออัด,13.703942474003195,100.38487606147588
ชุมชนเจิมจิตต์,ชุมชนแออัด,13.696917688686385,100.3902598100072
ชุมชนชาววัดม่วง,ชุมชนแออัด,13.694275808197286,100.39206623292232
ชุมชนร่วมใจพัฒนา,ชุมชนแออัด,13.693419837482796,100.39297187804003
ชุมชนพุ่มพวง,ชุมชนแออัด,13.715528119032061,100.41402366428817
ชุมชนโรงเรียนราชวินิตประถมบางแค,ชุมชนแออัด,13.717123326527476,100.42234739568507
ชุมชนรวมใจริมคลอง หมู่ 3,ชุมชนแออัด,13.716601122978346,100.42531693249133
ชุมชนงามปัญจะ,ชุมชนแออัด,13.691083933090164,100.42536998104197
ชุมชนหมู่บ้านชัยมงคล,ชุมชนหมู่บ้านจัดสรร,13.688780354896698,100.4087112413184
ชุมชนซอยพึ่งธรรม,ชุมชนแออัด,13.710554337393548,100.4139632708427
ชุมชนกระถินทอง,ชุมชนแออัด,13.709852511592855,100.40883675060847
ชุมชนหมู่บ้านชมเดือน,ชุมชนหมู่บ้านจัดสรร,13.723934848913078,100.39077995504007
ชุมชนหมู่บ้านพุทธมณฑล,ชุมชนหมู่บ้านจัดสรร,13.726114080673458,100.39287331812952
ชุมชนทองพูนพัฒนา,ชุมชนชานเมือง,13.746640963825497,100.39731720433933
ชุมชนเจริญแพทย์,ชุมชนชานเมือง,13.737633295588198,100.38520427731525
ชุมชนศิริเกษม 1,ชุมชนชานเมือง,13.74373271701828,100.35759864933017
ชุมชนข้างโรงพยาบาลราชพิพัฒน์,ชุมชนชานเมือง,13.732389843594762,100.37129999626266
ชุมชนนครแสงเพชร,ชุมชนแออัด,13.719768736941248,100.41641845253955
ชุมชนริมคลองราชมนตรี,ชุมชนแออัด,13.71563929603615,100.42496439482885
ชุมชนหมู่บ้านเพชรสยาม 3,ชุมชนชานเมือง,13.695155257823124,100.39261111664125
ชุมชนสุขสำราญ,ชุมชนหมู่บ้านจัดสรร,13.698822441015956,100.39543365857453
ชุมชนเคหะชุมชนดินแดง (แฟลต 1 - 20),เคหะชุมชน,13.758512094735403,100.55310283380818
ชุมชนเคหะชุมชนดินแดง (แฟลต 21 - 32),เคหะชุมชน,13.766776175001226,100.55041655298747
ชุมชนซอยแม่เนี้ยวแยก 2,ชุมชนเมือง,13.772630824874357,100.55926327628225
ชุมชนซอยผาสุข,ชุมชนเมือง,13.771505732512212,100.56580565873291
ชุมชนซอยแสนสุข,ชุมชนเมือง,13.774083403632094,100.56432406307557
ชุมชนซอยเพิ่มสินสมบูรณ์สุข,ชุมชนเมือง,13.777075158939834,100.56257814938785
ชุมชนซอยกุนนที,ชุมชนเมือง,13.780696124947768,100.57221174210646
ชุมชนซอยสมบูรณ์พัฒนา 2,ชุมชนแออัด,13.780464522393556,100.56440755830943
ชุมชนซอยสุพรรณิการ์ 2,ชุมชนแออัด,13.781162586120223,100.56515148969434
ชุมชนซอยอินทามระ 55,ชุมชนแออัด,13.78266198135236,100.56922727725403
ชุมชนริมคลองบางซื่อซอยโชคชัยร่วมมิตรแยก 18,ชุมชนแออัด,13.796568884129195,100.57237982750341
ชุมชนริมคลองบางซื่อซอยโชคชัยร่วมมิตร แยก 2 - 4,ชุมชนแออัด,13.795983034223305,100.56999374641437
ชุมชนซอยชานเมือง,ชุมชนเมือง,13.770395338324878,100.56682535834504
ชุมชนซอยแม่เนี้ยวแยก 3,ชุมชนเมือง,13.772850464610308,100.55776597986997
ชุมชนหมู่บ้านอยู่เจริญ(อินทามระ 41),ชุมชนหมู่บ้านจัดสรร,13.792446423938628,100.56910967224655
ชุมชนหมู่บ้านพิบูลย์เวศม์,ชุมชนหมู่บ้านจัดสรร,13.72108517618796,100.59355041944926
ชุมชนแจ่มจันทร์,ชุมชนแออัด,13.741697949834272,100.58754872396538
ชุมชนข้างสะพานคลองตัน,ชุมชนแออัด,13.737077192797583,100.59902423867577
ชุมชนหลังสถานีทองหล่อ,ชุมชนแออัด,13.73572383718224,100.58409368420438
ชุมชนศาลาลอย,ชุมชนแออัด,13.723380065074089,100.60064228595863
ชุมชนสุเหร่าบางมะเขือ,ชุมชนแออัด,13.715684514128723,100.59946698608925
ชุมชนเกาะกลาง,ชุมชนแออัด,13.709588538792865,100.59630676843872
ชุมชนเริ่มเจริญ,ชุมชนแออัด,13.705629458068088,100.59203001734205
ชุมชนคลองเตยล็อค 4-5-6,ชุมชนแออัด,13.711076465483952,100.5760448201869
ชุมชนหมู่บ้านพัฒนา 70 ไร่,ชุมชนแออัด,13.7093248131607,100.57477217618101
ชุมชนริมคลองพระโขนง,ชุมชนแออัด,13.706343410955412,100.58914003591815
ชุมชนริมคลองไผ่สิงห์โต,ชุมชนแออัด,13.7205821621547,100.5604925571438
ชุมชนหมู่บ้านเปรมฤทัย,ชุมชนหมู่บ้านจัดสรร,13.70720215050482,100.59249072804184
ชุมชนกระทุ่มเสือปลา,ชุมชนชานเมือง,13.719837368082452,100.67241744102571
ชุมชนสุเหร่าจรเข้ขบ,ชุมชนชานเมือง,13.711533242808274,100.69658766091764
ชุมชนเปรมฤทัย 20,ชุมชนหมู่บ้านจัดสรร,13.682298189426144,100.64031259732157
ชุมชนอ่อนนุช 40 ไร่,ชุมชนชานเมือง,13.714070049681728,100.70442203196909
ชุมชนมัสยิดดอกไม้,ชุมชนชานเมือง,13.702464093864945,100.69031129867561
ชุมชนมิตรภาพซอย 6,ชุมชนชานเมือง,13.698083374883625,100.63658370665335
ชุมชนซอยร่มเย็น,ชุมชนชานเมือง,13.696213028249105,100.67675859126852
ชุมชนคลองสะแก,ชุมชนเมือง,13.736087544703098,100.60960692658483
ชุมชนซอยสวนรื่น,ชุมชนแออัด,13.821255447584754,100.51861753655595
ชุมชนวัดเสาหิน,ชุมชนแออัด,13.8180656656936,100.51807540378378
ชุมชนวัดบางโพโอมาวาส,ชุมชนแออัด,13.809271586893587,100.52026033650395
ชุมชนซอยสนิท,ชุมชนแออัด,13.807564599688394,100.52713147531409
ชุมชนศรีบุญยืนพัฒนา,ชุมชนแออัด,13.801538426360576,100.52537016086976
ชุมชนราชทรัพย์,ชุมชนแออัด,13.809648168297228,100.51892491267617
ชุมชนซอยสวนเงิน,ชุมชนแออัด,13.769317130469203,100.52930699154456
ชุมชนโค้งรถไฟยมราช,ชุมชนแออัด,13.758783003757268,100.52218091875653
ชุมชนสะพานไม้,ชุมชนแออัด,13.77607138210909,100.4909384740006
ชุมชนชินศรี 91,ชุมชนแออัด,13.802186944266241,100.50627032265618
ชุมชนร่วมใจสามัคคี,ชุมชนแออัด,13.80016745166504,100.50938110804421
ชุมชนซอยนาทอง แยก 1-6,ชุมชนหมู่บ้านจัดสรร,13.777618221674913,100.56711733407533
ชุมชนอยู่เจริญ(โครงการ 3),ชุมชนหมู่บ้านจัดสรร,13.794969327091128,100.56866561253959
ชุมชนริมคลองหัวหมากใหญ่,ชุมชนเมือง,13.735545510646638,100.64565783683915
ชุมชนร่มเย็น,ชุมชนหมู่บ้านจัดสรร,13.692006753154667,100.39321885481482
ชุมชนจอมทอง,ชุมชนเมือง,13.697526023490866,100.47074498511749
ชุมชนศิริเกษมพัฒนา,ชุมชนเมือง,13.737378359034201,100.36120301913002
ชุมชนหลัง สน. เพชรเกษม,ชุมชนชานเมือง,13.696234872904139,100.392089990676
ชุมชนหมู่บ้านร่วมเกื้อ,ชุมชนหมู่บ้านจัดสรร,13.771378902542084,100.33217899283379
ชุมชนสินพัฒนาธานี,ชุมชนหมู่บ้านจัดสรร,13.741470092059886,100.33968356787516
ชุมชนวัดปุรณาวาส,ชุมชนชานเมือง,13.80218309722631,100.33584262289048
ชุมชนหลังสถานีรถไฟศาลาธรรมสพน์,ชุมชนชานเมือง,13.801002619472143,100.37672424909424
ชุมชนประตูน้ำฉิมพลี,ชุมชนชานเมือง,13.800356936001217,100.39444349370599
ชุมชนบางพรหมร่วมใจ,ชุมชนชานเมือง,13.769066321602477,100.36871291037326
ชุมชนหมู่บ้านสุขทวี 1-2,ชุมชนหมู่บ้านจัดสรร,13.795001010846093,100.3503622326832
ชุมชนหมู่ 5 บางมด,ชุมชนชานเมือง,13.645204023578788,100.47620035504613
ชุมชนหมู่ 3 บางมด,ชุมชนชานเมือง,13.653076402478904,100.47429370049313
ชุมชนหมู่ 2 บางมด,ชุมชนชานเมือง,13.650835687195192,100.48556513065452
ชุมชนหลังสวนธนบุรีรมย์,ชุมชนชานเมือง,13.653094009218666,100.48830007494271
ชุมชนดารีซีน,ชุมชนแออัด,13.643866965615217,100.5120763318884
ชุมชนหลังวัดกลางนา,ชุมชนแออัด,13.657141987790617,100.5069866872447
ชุมชนซอยสวนผัก,ชุมชนเมือง,13.689419949910151,100.4377028339756
ชุมชนซอยกำนันแม้น 3,ชุมชนเมือง,13.690418787167207,100.43711297312
ชุมชนวัดผ่องพลอยอนุสรณ์,ชุมชนเมือง,13.655643756438284,100.6324038502862
ชุมชนตรงข้ามโรงงานธานินทร์,ชุมชนแออัด,13.677168048125955,100.617734396169
ชุมชนข้างโรงงานธานินทร์,ชุมชนแออัด,13.67956387596636,100.61842023900023
ชุมชนรุ่งสว่าง,ชุมชนแออัด,13.66797912599703,100.59450863584017
ชุมชนบ้านพักองค์การแบตเตอรี่,ชุมชนเมือง,13.67992253552433,100.58999184040778
ชุมชนบัวเกิด,ชุมชนเมือง,13.673289328630535,100.61690455778574
ชุมชนวงศ์สวัสดิ์,ชุมชนเมือง,13.658627374268635,100.60165315052286
ชุมชนหมู่บ้านเปรมฤทัย 1,ชุมชนหมู่บ้านจัดสรร,13.839616921738301,100.65970675418079
ชุมชนริมคลองหลอแหล,ชุมชนแออัด,13.795433457121671,100.6973944246698
ชุมชนหมู่บ้านอมรพันธ์นคร สวนสยาม,ชุมชนหมู่บ้านจัดสรร,13.798119854921216,100.6925277876977
ชุมชนหมู่บ้านอมรพันธ์นครเสรีไทย,ชุมชนหมู่บ้านจัดสรร,13.797798216120308,100.68963117783359
ชุมชนมัสยิดย่ามีลุ้ลอิบาดะห์,ชุมชนแออัด,13.769132694716486,100.71363278512216
ชุมชนหมู่บ้านเคหะนคร (เคหะธานี4),ชุมชนหมู่บ้านจัดสรร,13.780361920307572,100.70844229610248
ชุมชนสามแยกคลองหลอแหล,ชุมชนชานเมือง,13.780286735840022,100.70441900341257
ชุมชนวังหนับอุทิศ,ชุมชนแออัด,13.769259689315774,100.69662250112297
ชุมชนหลอแหลคลองใหญ่,ชุมชนชานเมือง,13.794445461368673,100.70040703339784
ชุมชนสุขสำราญพัฒนา,ชุมชนชานเมือง,13.915951531332643,100.70452902131102
ชุมชนพร้อมใจพัฒนา,ชุมชนชานเมือง,13.90117769739239,100.7323463625713
ชุมชนหมู่ 14 พัฒนา,ชุมชนชานเมือง,13.90462664014376,100.77748088001722
ชุมชนสุขสันต์พัฒนา,ชุมชนชานเมือง,13.906849596007499,100.72912027886447
ชุมชนชวนชื่นบางเขน,ชุมชนหมู่บ้านจัดสรร,13.903329446745309,100.57287838704697
ชุมชนพงษ์เพชรแจ้งวัฒนะ 14,ชุมชนหมู่บ้านจัดสรร,13.897045952108135,100.56714981378538
ชุมชนหมู่บ้าน กฟภ.นิเวศน์ 2,ชุมชนหมู่บ้านจัดสรร,13.875456606590333,100.55322151109313
ชุมชนกองสรรพาวุธเบา พล.1 รอ,ชุมชนเมือง,13.891743850992839,100.57578551514179
ชุมชนเคหะชุมชน ทุ่งสองห้อง 319,เคหะชุมชน,13.8999390803345,100.5816254271473
ชุมชนเคหะชุมชน ทุ่งสองห้อง 321,เคหะชุมชน,13.899516566768394,100.58379418446481
ชุมชนเคหะชุมชน ทุ่งสองห้อง 323,เคหะชุมชน,13.898657169521318,100.58393876502204
ชุมชนเคหะชุมชน ทุ่งสองห้อง 324,เคหะชุมชน,13.898034764313511,100.58486522385066
ชุมชนเคหะชุมชน ทุ่งสองห้อง 329,เคหะชุมชน,13.898897447820106,100.58535859825037
ชุมชนเคหะชุมชน ทุ่งสองห้อง 330,เคหะชุมชน,13.899050567530029,100.58669502472635
ชุมชนตรีเพชร 2,ชุมชนเมือง,13.868249973036962,100.58162122842742
ชุมชนไทรงาม,ชุมชนแออัด,13.89538060764974,100.56021996906554
ชุมชนเปรมสุขสันต์,ชุมชนแออัด,13.876444281071466,100.5752642808291
ชุมชนพงษ์เพชรพัฒนา,ชุมชนหมู่บ้านจัดสรร,13.859448302723457,100.54752998869377
ชุมชนหมู่บ้านรัตนชัยวิลล่า,ชุมชนหมู่บ้านจัดสรร,13.894694858475278,100.58315011027884
ชุมชนหลังแฟลตร่วมพัฒนา,ชุมชนแออัด,13.865808286691886,100.5694065859915
ชุมชนอยู่ดีมีสุขร่วมใจ,ชุมชนแออัด,13.88870263905086,100.58235966215096
ชุมชนหมู่บ้านเก้าแสนห้าสัมพันธ์,ชุมชนหมู่บ้านจัดสรร,13.922293215127986,100.64708368688268
ชุมชนหมู่บ้านมัณฑวรรณ,ชุมชนหมู่บ้านจัดสรร,13.922181758657091,100.64744690767475
ชุมชนหมู่บ้านเทพทิพยนิเวศน์,ชุมชนหมู่บ้านจัดสรร,13.919666813939642,100.63922127215275
ชุมชนหมู่บ้านเจริญวงศ์,ชุมชนหมู่บ้านจัดสรร,13.917300601239145,100.63607174718247
ชุมชนเมตตาพหลโยธิน 50,ชุมชนเมือง,13.887843965037227,100.61232820779973
ชุมชนหมู่บ้านสุขสมบูรณ์,ชุมชนหมู่บ้านจัดสรร,13.889780144438497,100.61478422981268
ชุมชนหมู่บ้านซื่อตรง,ชุมชนหมู่บ้านจัดสรร,13.891865930872845,100.61801853668237
ชุมชนร่วมใจสามัคคี,ชุมชนเมือง,13.898226717269353,100.61687314813649
ชุมชน กสบ. หมู่ 5,ชุมชนแออัด,13.904215489152458,100.62037243021025
ชุมชนหมู่บ้านเพิ่มสิน 1-2,ชุมชนเมือง,13.90074895032478,100.62447274752449
ชุมชนวัดลุ่มเจริญศรัทธา,ชุมชนเมือง,13.90079112839172,100.63203891929312
ชุมชนสหชุมชนโครงการ 1,ชุมชนชานเมือง,13.887642046247947,100.66715826291419
ชุมชนหมู่บ้านพัฒนา หมู่ 2,ชุมชนแออัด,13.907025590516517,100.62900424858915
ชุมชนวัดหนองใหญ่,ชุมชนชานเมือง,13.913852749279243,100.67643415725423
ชุมชนหมู่บ้านอัมรินทร์นิเวศน์ 3 ผัง 3,ชุมชนหมู่บ้านจัดสรร,13.911253839827832,100.65480323662864
ชุมชนหมู่บ้านอัมรินทร์นิเวศน์ 3  ผัง 4,ชุมชนหมู่บ้านจัดสรร,13.91349590185732,100.65440220717392
ชุมชนหมู่บ้านชลลดา,ชุมชนหมู่บ้านจัดสรร,13.913142997256664,100.64573488928717
ชุมชนรวมมิตรสัมพันธ์ (ซอยเธียรสวน 1),ชุมชนเมือง,13.89095666950218,100.63528238875956
ชุมชนหมู่บ้านพัฒนา หมู่ 1,ชุมชนแออัด,13.915575533300126,100.63553506867117
ชุมชนหมู่บ้านเทพนครนิเวศน์,ชุมชนหมู่บ้านจัดสรร,13.892757390892383,100.63481505209145
ชุมชนหมู่บ้าน ป.สุวิมล,ชุมชนหมู่บ้านจัดสรร,13.893941360676827,100.63314345370932
ชุมชนเพิ่มสิน (ซอยถมยาสามัคคี),ชุมชนเมือง,13.894364654400045,100.63994699603381
ชุมชนแม่บ้านร่วมใจพัฒนา,ชุมชนเมือง,13.891235408668676,100.6168333176694
ชุมชนหมู่บ้าน ทอส.10,ชุมชนหมู่บ้านจัดสรร,13.922831243271691,100.64925281882182
ชุมชนหมู่บ้านสายทิพย์,ชุมชนหมู่บ้านจัดสรร,13.91625521724706,100.63577580697974
ชุมชนเสนาวัฒนา,ชุมชนหมู่บ้านจัดสรร,13.886732016161064,100.61696920685308
ชุมชนหมู่บ้านพัฒนา 5,ชุมชนหมู่บ้านจัดสรร,13.885025855672032,100.6238853019135
ชุมชนหมู่บ้านซิลค์วิลเลจ,ชุมชนหมู่บ้านจัดสรร,13.91936692230364,100.65891896267856
ชุมชนหมู่บ้านณัฐกานต์,ชุมชนหมู่บ้านจัดสรร,13.919429109752077,100.66712143247646
ชุมชนสายไหมพัฒนา,ชุมชนชานเมือง,13.93181675455977,100.63976345164573
ชุมชนหมู่บ้านเลิศปิยะวรรณ,ชุมชนหมู่บ้านจัดสรร,13.923142853003947,100.67018500359086
ชุมชนหมู่บ้านเกาะแก้ววิลล่า,ชุมชนหมู่บ้านจัดสรร,13.907086441636315,100.63623244355337
ชุมชนวัชรพล 3,เคหะชุมชน,13.888609702047633,100.6869402019073
ชุมชนวัดเทพลีลา,ชุมชนแออัด,13.759535265474527,100.61142640540947
ชุมชนลาดพร้าว 64,ชุมชนหมู่บ้านจัดสรร,13.789366507136968,100.59980767054574
ชุมชนลาดพร้าว 80 แยก 11,ชุมชนแออัด,13.782592021786437,100.60424567976459
ชุมชนเก้าพัฒนา,ชุมชนแออัด,13.764769772657491,100.60150195095386
ชุมชนหมู่บ้านพลับพลา,ชุมชนหมู่บ้านจัดสรร,13.76072190562891,100.601724661907
ชุมชนตลาดหลักสี่,ชุมชนแออัด,13.883773607723528,100.57969524885588
ชุมชนกองบัญชาการศึกษา,ชุมชนเมือง,13.869938380688174,100.57123608542541
ชุมชนอยู่แล้วรวย,ชุมชนแออัด,13.871792327362831,100.57084425635132
ชุมชนคนรักถิ่น,ชุมชนแออัด,13.871124940639373,100.5719611155804
ชุมชนทหารเสือ,ชุมชนเมือง,13.892345456927579,100.55586584961591
ชุมชนหมู่บ้านสายไหม,ชุมชนชานเมือง,13.920990866393062,100.63758587905181
ชุมชนหมู่บ้านอภินคร 2000,ชุมชนหมู่บ้านจัดสรร,13.925114268390612,100.68657458990756
ชุมชนหมู่บ้านมนชญา 1,ชุมชนหมู่บ้านจัดสรร,13.92233181902767,100.64666303119263
ชุมชนอัมพรเพลส 1,ชุมชนหมู่บ้านจัดสรร,13.896644193048388,100.65782609742483
ชุมชนหมู่บ้าน บก.ทหารสูงสุด,ชุมชนหมู่บ้านจัดสรร,13.83814588244878,100.65661154635461
ชุมชนหมู่ 5,ชุมชนชานเมือง,13.811933532027343,100.69765505126874
ชุมชนทุ่งรวงทองพัฒนาแบนชะโด,ชุมชนชานเมือง,13.88065226836848,100.78809213856155
ชุมชนบ้านลำกระโหลก,ชุมชนชานเมือง,13.843177034092095,100.69463949117473
ชุมชนหมู่บ้านกอบแก้ว 1,ชุมชนชานเมือง,13.773107376531431,100.40086658505406
ชุมชนคลองบางพรานพัฒนา,ชุมชนแออัด,13.684577873492488,100.4363772291089
ชุมชนใต้สะพาน โซน 1,ชุมชนแออัด,13.622866648125829,100.50107873091194
ชุมชน สน.ทุ่งครุ,ชุมชนเมือง,13.627740394604164,100.50741463349979
ชุมชนคอลิดีน,ชุมชนแออัด,13.635442873073778,100.49408840414996
ชุมชนมิตรไมตรี,ชุมชนแออัด,13.637119975391656,100.49521187019832
ชุมชนนูรุ้ลฮูดา,ชุมชนชานเมือง,13.637601666211204,100.47447119260734
ชุมชนกองพันทหารช่างที่ 1 รักษาพระองค์,ชุมชนเมือง,13.84952742780239,100.5999269002021
ชุมชนเพชราวุธ,ชุมชนเมือง,13.868796445716576,100.600272181437
ชุมชนชาวลาดตระเวน,ชุมชนเมือง,13.892181342724923,100.56937644246881
ชุมชนฉิมพลี,ชุมชนชานเมือง,13.783095420458526,100.44671069110639
ชุมชนเมาคลี,ชุมชนเมือง,13.864272942918847,100.56910724360348
ชุมชนแฟลตตำรวจอิสระ,ชุมชนเมือง,13.86952030553962,100.57218258064354
ชุมชนสุขอนันต์,ชุมชนหมู่บ้านจัดสรร,13.83996159451935,100.67428230688866
ชุมชนหลักสี่,ชุมชนเมือง,13.888286780982064,100.5784045142685
ชุมชนหลวงพ่อโบสถ์บน,ชุมชนแออัด,13.714604984468293,100.50417330685126
ชุมชนเพชราวุธ พัน.2,ชุมชนเมือง,13.862087167508095,100.59744888536142
ชุมชนเพชราวุธ พัน.1,ชุมชนเมือง,13.870923967261959,100.59941351852063
ชุมชนราชวัลลภ 2,เคหะชุมชน,13.780890619227561,100.55645263935948
ชุมชนริมคลองราษฎร์เจริญสุข,ชุมชนชานเมือง,13.70690090281586,100.34922278229939
ชุมชนหรรษา 79,ชุมชนหมู่บ้านจัดสรร,13.699430912489966,100.35039564721887
ชุมชนกองพลที่ 1 รักษาพระองค์,เคหะชุมชน,13.763020958162398,100.53261076119688
ชุมชนคลองบางบำหรุ,ชุมชนแออัด,13.77953630392132,100.48627370784475
ชุมชนวัดทอง,ชุมชนแออัด,13.777902848923835,100.48977495157129
ชุมชนร่วมพัฒนาซอยจรัญฯ 65,ชุมชนแออัด,13.783862783538224,100.48878703486056
ชุมชนเติมสุข,ชุมชนแออัด,13.793475563604261,100.5035748388369
ชุมชนอาคารสงเคราะห์ฯ ดินแดง,ชุมชนเมือง,13.77034697381292,100.55872926953205
ชุมชนซอยสุขใจ,ชุมชนเมือง,13.774551091287824,100.56254243530705
ชุมชนศูนย์การกำลังสำรอง,ชุมชนเมือง,13.785007675813585,100.56393730169528
ชุมชน สน.บางชัน,เคหะชุมชน,13.802617051779112,100.68638745647795
ชุมชนหมู่บ้านเปรมฤทัย1/2,ชุมชนหมู่บ้านจัดสรร,13.83609637256597,100.65749402120593
ชุมชนร่วมแรงร่วมใจพัฒนา,ชุมชนชานเมือง,13.865051616606303,100.76412276575189
ชุมชนอาคารสงเคราะห์ฯ ซอยประชาอุทิศ 90,เคหะชุมชน,13.60696438847283,100.50570491422535
ชุมชนสื่อสารรวมใจสามัคคี,ชุมชนเมือง,13.884267252462458,100.60372902817137
ชุมชนสุกกาทองโครงการ 2,ชุมชนชานเมือง,13.849038370537823,100.79876125684592
ชุมชนร่วมรัฐสามัคคี(ดอนกระต่าย),ชุมชนชานเมือง,13.64362532689629,100.49874236693373
ชุมชนหมู่บ้านรุ่งเจริญ 1,ชุมชนหมู่บ้านจัดสรร,13.679827545139371,100.63662196446906
ชุมชนหมู่บ้านรุ่งเจริญ 2,ชุมชนหมู่บ้านจัดสรร,13.679891925167176,100.62506341896676
ชุมชนคลองล่าง,ชุมชนแออัด,13.76587925404922,100.46358644654494
ชุมชนสวนหลวงก้าวหน้า,ชุมชนเมือง,13.712581868134258,100.61010160603026
ชุมชนไขศรีปราโมชพัฒนา,ชุมชนเมือง,13.766643973672542,100.63640786544273
ชุมชนหมู่ 3,ชุมชนชานเมือง,13.880322807378777,100.73123742934278
ชุมชนหมู่บ้านพรรณพฤกษา,ชุมชนหมู่บ้านจัดสรร,13.78494249645715,100.34400883146198
ชุมชนดารุ้ลอิบาดะฮ์,ชุมชนชานเมือง,13.632795822011747,100.47900584011181
ชุมชนหมู่บ้านทองสถิตย์วิลล่า 52,ชุมชนหมู่บ้านจัดสรร,13.895507465363877,100.61283281447864
ชุมชนริมคลองภาษีเจริญ บางหว้า หมู่ 15,ชุมชนแออัด,13.709246527309764,100.43101494209823
ชุมชนกำแพงทองพัฒนา,ชุมชนแออัด,13.729595939310704,100.46304383107412
ชุมชนหมู่ 5 บางแวก,ชุมชนแออัด,13.733734954296878,100.43355588835331
ชุมชนหมู่ 4 ชาวบางแวก,ชุมชนแออัด,13.739382052982215,100.45665608929352
ชุมชนกัลปพฤกษ์ หมู่ 4,ชุมชนแออัด,13.712785833151093,100.45179571247922
ชุมชนศรีประดู่,ชุมชนแออัด,13.730629755491215,100.45117525439953
ชุมชนเคหะสุวินทวงศ์,ชุมชนหมู่บ้านจัดสรร,13.821023106968033,100.79439889262252
ชุมชนหมู่บ้านวาเลนไทน์,ชุมชนหมู่บ้านจัดสรร,13.838780848703683,100.66157026180811
ชุมชนซอยรอดอนันต์ 7,ชุมชนชานเมือง,13.83365927132203,100.66591708661936
ชุมชนซอยคู้บอน 25,ชุมชนแออัด,13.85147008767571,100.66905882686403
ชุมชนจินดาบำรุงพัฒนา,ชุมชนแออัด,13.84327434175095,100.66161124934399
ชุมชนธนวัฑฒ์,ชุมชนชานเมือง,13.693365845965687,100.38031418841292
ชุมนสร้อยมาลา,ชุมชนหมู่บ้านจัดสรร,13.703709802419878,100.33540123741577
ชุมชนจันทร์ทรัพย์,ชุมชนหมู่บ้านจัดสรร,13.699228029199606,100.33554292129227
ชุมชนแยก 9 พัฒนา,ชุมชนหมู่บ้านจัดสรร,13.719567318722758,100.34547695405364
ชุมชนหมู่ 4 วัดศรีนวล,ชุมชนชานเมือง,13.66683878518854,100.34090023056919
ชุมชนหมู่บ้านพรทิพา 4,ชุมชนหมู่บ้านจัดสรร,13.681293498143075,100.33472817004244
ชุมชนหรรษาสร้างสรรค์,ชุมชนหมู่บ้านจัดสรร,13.704657050103592,100.3362027294793
ชุมชนแย้มผากาสามัคคี หมู่ 13,ชุมชนชานเมือง,13.676793930169628,100.372238964784
ชุมชนการค้าหนองแขม,ชุมชนหมู่บ้านจัดสรร,13.675639655939108,100.33936567609967
ชุมชนหลังตลาดศูนย์การค้าหนองแขม หมู่ 2,ชุมชนหมู่บ้านจัดสรร,13.705047091065198,100.34145320786025
ชุมชนหรรษามาเจริญ,ชุมชนหมู่บ้านจัดสรร,13.704142861853024,100.34361827208195
ชุมชนเพิ่มดีพัฒนา,ชุมชนแออัด,13.690983666937022,100.37004620342245
ชุมชนจรัญ 66/1,เคหะชุมชน,13.785635694510505,100.49655743620318
ชุมชนศาลเจ้าปุงเท่ากง,เคหะชุมชน,13.783034879091446,100.50046207776002
ชุมชนบ้านจัดสรรสกุลทิพย์,ชุมชนหมู่บ้านจัดสรร,13.78608867568503,100.33918138798869
ชุมชนเจ้าพระยาร่วมใจ,ชุมชนหมู่บ้านจัดสรร,13.793328157789375,100.36707436893025
ชุมชน หมู่ 12 บ้านสวนบางพรม,ชุมชนเมือง,13.754103082276815,100.44272831000873
ชุมชนวัดทองบางระมาด หมู่ 10 ฉิมพลี,ชุมชนเมือง,13.77368792215216,100.44112097673357
ชุมชนบ้านไทร,ชุมชนชานเมือง,13.76421890812392,100.44905834660798
ชุมชนบ้านคู่คลอง,ชุมชนชานเมือง,13.753878850381165,100.46051430629541
ชุมชนหมู่บ้านกม. 24,ชุมชนหมู่บ้านจัดสรร,13.928429762528506,100.63355338712931
ชุมชนวัดหิรัญรูจี,ชุมชนเมือง,13.72868621384114,100.49165066468714
ชุมชนราชวัลลภ 1,เคหะชุมชน,13.773640767474864,100.54865438601884
ชุมชนวัดดวงแข,ชุมชนเมือง,13.741363800031559,100.5192384418193
ชุมชนหมู่บ้านราณี 2,ชุมชนหมู่บ้านจัดสรร,13.844568231999071,100.60001296971728
ชุมชนริมคลองลาดบัวขาว,ชุมชนแออัด,13.77069343925958,100.71720390832688
ชุมชนศาลาครืนรวมใจ,ชุมชนชานเมือง,13.706465914343308,100.46073004388597
ชุมชนข้าราชการตำรวจ บก.น.9,เคหะชุมชน,13.665286578853674,100.45749572551215
ชุมชนอมรพันธ์ 135,ชุมชนหมู่บ้านจัดสรร,13.81648190345854,100.68314163614659
ชุมชนหมู่บ้านแสงอรุณ,ชุมชนหมู่บ้านจัดสรร,13.813283369548852,100.68246025312
ชุมชนหมู่บ้านเปรมฤทัยรามอินทรา ก.ม.9 ป.1,ชุมชนหมู่บ้านจัดสรร,13.838855269136463,100.65935250791682
ชุมชนสน.คันนายาว,เคหะชุมชน,13.85397140060067,100.66956688238002
ชุมชนหมู่ 3 ร่วมใจพัฒนา,ชุมชนแออัด,13.794807447637773,100.69456393662199
ชุมชนคลองลำนุ่น,ชุมชนแออัด,13.807720356927598,100.69891681618316
"ชุมชนซอยรามอินทรา 83,85",ชุมชนแออัด,13.836365723150221,100.66987595632256
ชุมชนหมู่บ้านอินทามระซอย 51,ชุมชนเมือง,13.783931691774745,100.56820259230123
ชุมชนสวัสดี,ชุมชนเมือง,13.772017765774875,100.55813054161075
ชุมชนหลักสี่พัฒนา 99,ชุมชนแออัด,13.88989482868411,100.58309851047905
ชุมชนหมู่บ้านราชพฤกษ์,ชุมชนหมู่บ้านจัดสรร,13.871338239317046,100.55184715583343
ชุมชนบางบัวเชิงสะพานไม้ 1,ชุมชนแออัด,13.860360694389923,100.58569405812061
ชุมชนบางบัวร่วมใจพัฒนา(เชิงสะพานไม้ 2 ),ชุมชนแออัด,13.86589308551867,100.58374987430176
ชุมชนกาญจนา,ชุมชนชานเมือง,13.835897661694483,100.70297182928081
ชุมชนมโนรมย์ 5,ชุมชนหมู่บ้านจัดสรร,13.88915145319944,100.71556052429355
ชุมชนอาสาพัฒนา,ชุมชนชานเมือง,13.878392658062618,100.72930727001142
ชุมชนราชพฤกษ์,ชุมชนชานเมือง,13.753880118018746,100.44681038433595
ชุมชนนวกานต์,ชุมชนเมือง,13.786401877971107,100.66736057159336
ชุมชนดุริยางค์ทหารบก,ชุมชนหมู่บ้านจัดสรร,13.77197631233382,100.55135184373746
ชุมชนราชมนตรีร่วมใจ(โครงการบางแวก),ชุมชนหมู่บ้านจัดสรร,13.737641842130538,100.42376936968626
ชุมชนแฟลตสถานีตำรวจนครบาลพญาไท,เคหะชุมชน,13.759344444150177,100.53023950650639
ชุมชนลาดบัวขาวพัฒนา,ชุมชนชานเมือง,13.75682474467101,100.71092272457898
ชุมชนมิตรไมตรี,ชุมชนเมือง,13.72039762876706,100.61423834073923
ชุมชนซอยพัชราภา,ชุมชนหมู่บ้านจัดสรร,13.889166713735003,100.58696423544738
ชุมชนศิริเกษมรวมใจ 50,ชุมชนเมือง,13.733678302096644,100.3662709539118
ชุมชนจรัสเมือง,ชุมชนเมือง,13.743623172433924,100.51929425949508
ชุมชนสถาพร,ชุมชนแออัด,13.666787778551848,100.51058571262442
ชุมชนบ้านมั่นคงสวนพลู,ชุมชนเมือง,13.717069990309161,100.544599801621
ชุมชนหมู่บ้านแสนนคร,ชุมชนหมู่บ้านจัดสรร,13.82302142125814,100.70154079619638
ชุมชนหมู่บ้านชื่นกมลนิเวศน์ 1,ชุมชนหมู่บ้านจัดสรร,13.875016058196062,100.5511525896107
